Hello Kitty,4,imagens/cartas/Hello Kitty.png
My Melody,3,imagens/cartas/My Melody.png
Kuromi,3,imagens/cartas/Kuromi.png
Cinnamoroll,3,imagens/cartas/Cinnamoroll.png
Pompompurin,2,imagens/cartas/Pompompurin.png
Pochacco,2,imagens/cartas/Pochacco.png
Chococat,2,imagens/cartas/Chococat.png
Badtz-Maru,2,imagens/cartas/Badtz-Maru.png
Keroppi,1,imagens/cartas/Keroppi.png
Tuxedosam,1,imagens/cartas/Tuxedosam.png
DearDaniel,1,imagens/cartas/Dear Daniel.png
Gudetama,0,imagens/cartas/Gudetama.png
Kiki&Lala,0,imagens/cartas/Little Twin Stars.png
Hangyodon,0,imagens/cartas/Hangyodon.png
Aggrestuko,0,imagens/cartas/Aggrestuko.png